INSERT INTO tb_genero (id, descricao) VALUES (1, 'Ação');
INSERT INTO tb_genero (id, descricao) VALUES (2, 'Terror');
INSERT INTO tb_genero (id, descricao) VALUES (3, 'Drama');
INSERT INTO tb_genero (id, descricao) VALUES (4, 'Ficção Científica');
INSERT INTO tb_plano (id, descricao, valor) VALUES (1, 'Básico', 29.90);
INSERT INTO tb_cliente(nome, cpf, email, login, senha, nivel_acesso) VALUES ('João da Silva', '12345678901', 'joao.silva@email.com', 'joaodasilva', '$2a$10$ZQDZDXqV/LKQTq13NKJ2aeUmrxV787/U1BSEfXS.pGPu0Sd9CgYX6', 'CLIENTE');
INSERT INTO tb_filme (id, nome) VALUES (1, 'Filme A');
INSERT INTO tb_filme (id, nome) VALUES (2, 'Filme B');
INSERT INTO tb_filme (id, nome) VALUES (3, 'Filme C');
INSERT INTO tb_filme (id, nome) VALUES (4, 'Filme D');
INSERT INTO tb_filme_genero (id_filme, id_genero) VALUES (1, 1);
INSERT INTO tb_filme_genero (id_filme, id_genero) VALUES (1, 2);
INSERT INTO tb_filme_genero (id_filme, id_genero) VALUES (1, 3);
INSERT INTO tb_filme_genero (id_filme, id_genero) VALUES (1, 4);
INSERT INTO tb_filme_genero (id_filme, id_genero) VALUES (2, 1);
INSERT INTO tb_filme_genero (id_filme, id_genero) VALUES (2, 2);
INSERT INTO tb_filme_genero (id_filme, id_genero) VALUES (2, 3);
INSERT INTO tb_filme_genero (id_filme, id_genero) VALUES (2, 4);
INSERT INTO tb_filme_genero (id_filme, id_genero) VALUES (3, 1);
INSERT INTO tb_filme_genero (id_filme, id_genero) VALUES (3, 2);
INSERT INTO tb_filme_genero (id_filme, id_genero) VALUES (3, 3);
INSERT INTO tb_filme_genero (id_filme, id_genero) VALUES (3, 4);
INSERT INTO tb_perfil (id_cliente, id_genero, gosta_do_genero) VALUES (1, 1, true);
INSERT INTO tb_assinatura (id_cliente, id_plano, data_inicio, data_fim, ativa) VALUES (1, 1, CURRENT_DATE, NULL, true);
INSERT INTO tb_avaliacao (id, comentario, nota, id_cliente, id_filme) VALUES (1, 'Excelente!', 5.0, 1, 1);
INSERT INTO tb_historico (id, id_cliente, id_filme, data) VALUES (1, 1, 1, CURRENT_DATE)
